INSERT INTO department (department_id, department_name) VALUES (1, 'Engineering');
INSERT INTO department (department_id, department_name) VALUES (2, 'Data Science');
INSERT INTO Employee (employee_id, Name, department_id) VALUES (1, 'Rajesh', 1);
INSERT INTO Employee (employee_id, Name, department_id) VALUES (2, 'Employee1', 1);
INSERT INTO Employee (employee_id, Name, department_id) VALUES (3, 'Employee2', 1);
INSERT INTO Employee (employee_id, Name, department_id) VALUES (4, 'Employee3', 1);
INSERT INTO Employee (employee_id, Name, department_id) VALUES (5, 'Employee4', 1);
INSERT INTO Employee (employee_id, Name, department_id) VALUES (6, 'Scientist1', 2);
INSERT INTO Employee (employee_id, Name, department_id) VALUES (7, 'Scientist2', 2);
INSERT INTO Employee (employee_id, Name, department_id) VALUES (8, 'Scientist3', 2);
INSERT INTO Employee (employee_id, Name, department_id) VALUES (9, 'Scientist4', 2);
INSERT INTO Employee (employee_id, Name, department_id) VALUES (10, 'Scientist5', 2);

INSERT INTO Salary (id, employee_id, year, salary) VALUES (1, 1, 2010, 10010);
INSERT INTO Salary (id, employee_id, year, salary) VALUES (2, 1, 2011, 10011);
INSERT INTO Salary (id, employee_id, year, salary) VALUES (3, 1, 2012, 10012);
INSERT INTO Salary (id, employee_id, year, salary) VALUES (4, 1, 2013, 10013);
INSERT INTO Salary (id, employee_id, year, salary) VALUES (5, 1, 2014, 10014);
INSERT INTO Salary (id, employee_id, year, salary) VALUES (6, 1, 2015, 10015);
INSERT INTO Salary (id, employee_id, year, salary) VALUES (7, 1, 2016, 10016);
INSERT INTO Salary (id, employee_id, year, salary) VALUES (8, 1, 2017, 10017);
INSERT INTO Salary (id, employee_id, year, salary) VALUES (9, 1, 2018, 10018);
INSERT INTO Salary (id, employee_id, year, salary) VALUES (10, 1, 2019, 10019);
INSERT INTO Salary (id, employee_id, year, salary) VALUES (11, 1, 2020, 10020);
INSERT INTO Salary (id, employee_id, year, salary) VALUES (12, 1, 2021, 10021);
INSERT INTO Salary (id, employee_id, year, salary) VALUES (13, 2, 2010, 11010);
INSERT INTO Salary (id, employee_id, year, salary) VALUES (14, 2, 2012, 11012);
INSERT INTO Salary (id, employee_id, year, salary) VALUES (15, 2, 2013, 11013);
INSERT INTO Salary (id, employee_id, year, salary) VALUES (16, 2, 2014, 11014);
INSERT INTO Salary (id, employee_id, year, salary) VALUES (17, 2, 2015, 11015);
INSERT INTO Salary (id, employee_id, year, salary) VALUES (18, 2, 2016, 11016);
INSERT INTO Salary (id, employee_id, year, salary) VALUES (19, 2, 2017, 11017);
INSERT INTO Salary (id, employee_id, year, salary) VALUES (20, 2, 2018, 11018);
INSERT INTO Salary (id, employee_id, year, salary) VALUES (21, 2, 2019, 11019);
INSERT INTO Salary (id, employee_id, year, salary) VALUES (22, 2, 2020, 11020);
INSERT INTO Salary (id, employee_id, year, salary) VALUES (23, 2, 2021, 11021);
INSERT INTO Salary (id, employee_id, year, salary) VALUES (24, 2, 2011, 11011);
INSERT INTO Salary (id, employee_id, year, salary) VALUES (25, 3, 2010, 12010);
INSERT INTO Salary (id, employee_id, year, salary) VALUES (26, 3, 2011, 12011);
INSERT INTO Salary (id, employee_id, year, salary) VALUES (27, 3, 2012, 12012);
INSERT INTO Salary (id, employee_id, year, salary) VALUES (28, 3, 2013, 12013);
INSERT INTO Salary (id, employee_id, year, salary) VALUES (29, 3, 2014, 12014);
INSERT INTO Salary (id, employee_id, year, salary) VALUES (30, 3, 2015, 12015);
INSERT INTO Salary (id, employee_id, year, salary) VALUES (31, 3, 2016, 12016);
INSERT INTO Salary (id, employee_id, year, salary) VALUES (32, 3, 2017, 12017);
INSERT INTO Salary (id, employee_id, year, salary) VALUES (33, 3, 2018, 12018);
INSERT INTO Salary (id, employee_id, year, salary) VALUES (34, 3, 2019, 12019);
INSERT INTO Salary (id, employee_id, year, salary) VALUES (35, 3, 2020, 12020);
INSERT INTO Salary (id, employee_id, year, salary) VALUES (36, 3, 2021, 12021);
INSERT INTO Salary (id, employee_id, year, salary) VALUES (37, 4, 2010, 12010);
INSERT INTO Salary (id, employee_id, year, salary) VALUES (38, 4, 2011, 12011);
INSERT INTO Salary (id, employee_id, year, salary) VALUES (39, 4, 2012, 12012);
INSERT INTO Salary (id, employee_id, year, salary) VALUES (40, 4, 2013, 12013);
INSERT INTO Salary (id, employee_id, year, salary) VALUES (41, 4, 2014, 12014);
INSERT INTO Salary (id, employee_id, year, salary) VALUES (42, 4, 2015, 12015);
INSERT INTO Salary (id, employee_id, year, salary) VALUES (43, 4, 2016, 12016);
INSERT INTO Salary (id, employee_id, year, salary) VALUES (44, 4, 2017, 12017);
INSERT INTO Salary (id, employee_id, year, salary) VALUES (45, 4, 2018, 12018);
INSERT INTO Salary (id, employee_id, year, salary) VALUES (46, 4, 2019, 12019);
INSERT INTO Salary (id, employee_id, year, salary) VALUES (47, 4, 2020, 12020);
INSERT INTO Salary (id, employee_id, year, salary) VALUES (48, 4, 2021, 12021);
INSERT INTO Salary (id, employee_id, year, salary) VALUES (49, 5, 2010, 12010);
INSERT INTO Salary (id, employee_id, year, salary) VALUES (50, 5, 2011, 12011);
INSERT INTO Salary (id, employee_id, year, salary) VALUES (51, 5, 2012, 12012);
INSERT INTO Salary (id, employee_id, year, salary) VALUES (52, 5, 2013, 12013);
INSERT INTO Salary (id, employee_id, year, salary) VALUES (53, 5, 2014, 12014);
INSERT INTO Salary (id, employee_id, year, salary) VALUES (54, 5, 2015, 12015);
INSERT INTO Salary (id, employee_id, year, salary) VALUES (55, 5, 2016, 12016);
INSERT INTO Salary (id, employee_id, year, salary) VALUES (56, 5, 2017, 12017);
INSERT INTO Salary (id, employee_id, year, salary) VALUES (57, 5, 2018, 12018);
INSERT INTO Salary (id, employee_id, year, salary) VALUES (58, 5, 2019, 12019);
INSERT INTO Salary (id, employee_id, year, salary) VALUES (59, 5, 2020, 12020);
INSERT INTO Salary (id, employee_id, year, salary) VALUES (60, 5, 2021, 12021);
INSERT INTO Salary (id, employee_id, year, salary) VALUES (61, 6, 2010, 9010);
INSERT INTO Salary (id, employee_id, year, salary) VALUES (62, 6, 2011, 9011);
INSERT INTO Salary (id, employee_id, year, salary) VALUES (63, 6, 2012, 9012);
INSERT INTO Salary (id, employee_id, year, salary) VALUES (64, 6, 2013, 9013);
INSERT INTO Salary (id, employee_id, year, salary) VALUES (65, 6, 2014, 9014);
INSERT INTO Salary (id, employee_id, year, salary) VALUES (66, 6, 2015, 9015);
INSERT INTO Salary (id, employee_id, year, salary) VALUES (67, 6, 2016, 9016);
INSERT INTO Salary (id, employee_id, year, salary) VALUES (68, 6, 2017, 9017);
INSERT INTO Salary (id, employee_id, year, salary) VALUES (69, 6, 2018, 9018);
INSERT INTO Salary (id, employee_id, year, salary) VALUES (70, 6, 2019, 9019);
INSERT INTO Salary (id, employee_id, year, salary) VALUES (71, 6, 2020, 9020);
INSERT INTO Salary (id, employee_id, year, salary) VALUES (72, 6, 2021, 9021);
INSERT INTO Salary (id, employee_id, year, salary) VALUES (73, 7, 2010, 9010);
INSERT INTO Salary (id, employee_id, year, salary) VALUES (74, 7, 2011, 9011);
INSERT INTO Salary (id, employee_id, year, salary) VALUES (75, 7, 2012, 9012);
INSERT INTO Salary (id, employee_id, year, salary) VALUES (76, 7, 2013, 9013);
INSERT INTO Salary (id, employee_id, year, salary) VALUES (77, 7, 2014, 9014);
INSERT INTO Salary (id, employee_id, year, salary) VALUES (78, 7, 2015, 9015);
INSERT INTO Salary (id, employee_id, year, salary) VALUES (79, 7, 2016, 9016);
INSERT INTO Salary (id, employee_id, year, salary) VALUES (80, 7, 2017, 9017);
INSERT INTO Salary (id, employee_id, year, salary) VALUES (81, 7, 2018, 9018);
INSERT INTO Salary (id, employee_id, year, salary) VALUES (82, 7, 2019, 9019);
INSERT INTO Salary (id, employee_id, year, salary) VALUES (83, 7, 2020, 9020);
INSERT INTO Salary (id, employee_id, year, salary) VALUES (84, 7, 2021, 9021);
INSERT INTO Salary (id, employee_id, year, salary) VALUES (85, 8, 2010, 9010);
INSERT INTO Salary (id, employee_id, year, salary) VALUES (86, 8, 2011, 9011);
INSERT INTO Salary (id, employee_id, year, salary) VALUES (87, 8, 2012, 9012);
INSERT INTO Salary (id, employee_id, year, salary) VALUES (88, 8, 2013, 9013);
INSERT INTO Salary (id, employee_id, year, salary) VALUES (89, 8, 2014, 9014);
INSERT INTO Salary (id, employee_id, year, salary) VALUES (90, 8, 2015, 9015);
INSERT INTO Salary (id, employee_id, year, salary) VALUES (91, 8, 2016, 9016);
INSERT INTO Salary (id, employee_id, year, salary) VALUES (92, 8, 2017, 9017);
INSERT INTO Salary (id, employee_id, year, salary) VALUES (93, 8, 2018, 9018);
INSERT INTO Salary (id, employee_id, year, salary) VALUES (94, 8, 2019, 9019);
INSERT INTO Salary (id, employee_id, year, salary) VALUES (95, 8, 2020, 9020);
INSERT INTO Salary (id, employee_id, year, salary) VALUES (96, 8, 2021, 9021);
INSERT INTO Salary (id, employee_id, year, salary) VALUES (97, 9, 2010, 9110);
INSERT INTO Salary (id, employee_id, year, salary) VALUES (98, 9, 2011, 9111);
INSERT INTO Salary (id, employee_id, year, salary) VALUES (99, 9, 2012, 9112);
INSERT INTO Salary (id, employee_id, year, salary) VALUES (100, 9, 2013, 9113);
INSERT INTO Salary (id, employee_id, year, salary) VALUES (101, 9, 2014, 9114);
INSERT INTO Salary (id, employee_id, year, salary) VALUES (102, 9, 2015, 9115);
INSERT INTO Salary (id, employee_id, year, salary) VALUES (103, 9, 2016, 9116);
INSERT INTO Salary (id, employee_id, year, salary) VALUES (104, 9, 2017, 9117);
INSERT INTO Salary (id, employee_id, year, salary) VALUES (105, 9, 2018, 9118);
INSERT INTO Salary (id, employee_id, year, salary) VALUES (106, 9, 2019, 9119);
INSERT INTO Salary (id, employee_id, year, salary) VALUES (107, 9, 2020, 9120);
INSERT INTO Salary (id, employee_id, year, salary) VALUES (108, 9, 2021, 9121);;
INSERT INTO Salary (id, employee_id, year, salary) VALUES (109, 10, 2010, 9110);
INSERT INTO Salary (id, employee_id, year, salary) VALUES (110, 10, 2011, 9111);
INSERT INTO Salary (id, employee_id, year, salary) VALUES (111, 10, 2012, 9112);
INSERT INTO Salary (id, employee_id, year, salary) VALUES (112, 10, 2013, 9113);
INSERT INTO Salary (id, employee_id, year, salary) VALUES (113, 10, 2014, 9114);
INSERT INTO Salary (id, employee_id, year, salary) VALUES (114, 10, 2015, 9115);
INSERT INTO Salary (id, employee_id, year, salary) VALUES (115, 10, 2016, 9116);
INSERT INTO Salary (id, employee_id, year, salary) VALUES (116, 10, 2017, 9117);
INSERT INTO Salary (id, employee_id, year, salary) VALUES (117, 10, 2018, 9118);
INSERT INTO Salary (id, employee_id, year, salary) VALUES (118, 10, 2019, 9119);
INSERT INTO Salary (id, employee_id, year, salary) VALUES (119, 10, 2020, 9120);
INSERT INTO Salary (id, employee_id, year, salary) VALUES (120, 10, 2021, 9121);
